Total_Calls_T,Calls_Per_Agent_A,Call_Quality_Type,Quality_Value_C
550,423,standard,0.7
924,172,gold,0.85
368,109,gold,0.85
574,203,platinum,0.9
117,209,standard,0.7
964,397,standard,0.7
202,419,gold,0.85
757,394,standard,0.7
239,438,gold,0.85
237,483,platinum,0.9
929,422,gold,0.85
406,397,standard,0.7
503,242,gold,0.85
902,190,standard,0.7
737,161,standard,0.7
436,481,platinum,0.9
690,64,platinum,0.9
366,403,gold,0.85
103,103,platinum,0.9
851,255,gold,0.85
466,232,standard,0.7
191,51,platinum,0.9
133,294,standard,0.7
825,245,platinum,0.9
163,216,standard,0.7
920,273,gold,0.85
805,411,platinum,0.9
144,141,platinum,0.9
511,268,gold,0.85
738,159,platinum,0.9
297,92,platinum,0.9
123,256,platinum,0.9
196,456,standard,0.7
259,466,platinum,0.9
1000,155,platinum,0.9
988,156,gold,0.85
658,317,platinum,0.9
399,495,standard,0.7
862,410,platinum,0.9
680,364,standard,0.7
576,326,gold,0.85
415,176,platinum,0.9
178,500,standard,0.7
128,404,standard,0.7
334,478,standard,0.7
698,442,platinum,0.9
329,367,standard,0.7
848,448,gold,0.85
961,86,standard,0.7
328,408,gold,0.85
841,59,platinum,0.9
620,354,gold,0.85
455,365,standard,0.7
702,410,gold,0.85
477,353,standard,0.7
666,483,standard,0.7
286,78,platinum,0.9
100,413,platinum,0.9
657,107,standard,0.7
954,129,gold,0.85
158,138,platinum,0.9
671,287,gold,0.85
595,374,gold,0.85
617,116,standard,0.7
608,74,platinum,0.9
977,393,gold,0.85
583,52,platinum,0.9
147,202,gold,0.85
908,203,platinum,0.9
286,171,platinum,0.9
658,176,gold,0.85
108,218,gold,0.85
835,152,standard,0.7
569,288,platinum,0.9
992,188,platinum,0.9
270,243,standard,0.7
950,438,gold,0.85
419,438,platinum,0.9
156,257,standard,0.7
767,406,platinum,0.9
687,277,platinum,0.9
891,441,standard,0.7
953,302,standard,0.7
179,257,gold,0.85
320,423,gold,0.85
962,268,standard,0.7
230,122,gold,0.85
892,141,platinum,0.9
506,73,platinum,0.9
430,150,platinum,0.9
176,429,gold,0.85
930,491,gold,0.85
575,264,standard,0.7
143,377,gold,0.85
657,97,gold,0.85
233,137,gold,0.85
549,473,gold,0.85
613,198,platinum,0.9
456,102,standard,0.7
377,263,platinum,0.9
